{"cameraMode":{"drawMode":0,"name":"Shaded","section":"Shading Mode"},"sceneLighting":false,"audioPlay":false,"sceneViewState":{"m_AlwaysRefresh":false,"showFog":true,"showSkybox":false,"showFlares":true,"showImageEffects":true,"showParticleSystems":true,"showVisualEffectGraphs":true,"m_FxEnabled":true},"in2DMode":false,"pivot":{"x":-4.05441427230835,"y":1.1108824014663697,"z":-2.9736342430114748},"rotation":{"x":0.05347079783678055,"y":0.26574158668518069,"z":-0.014763792045414448,"w":0.9624481201171875},"size":2.1714940071105959,"orthographic":true}